diagnosis,Min,Qunatile1,Median,Mean,Quantile3,Range,Max
B,43.79,70.87,78.18,78.07540616246499,86.1,70.81,114.6
M,71.9,98.745,114.2,115.36537735849056,129.925,116.6,188.5
